<?xml version="1.0" ?>
<joomfish type="contentelement">
  <name>OSE Membership Payment Option Parameters</name>
  <author>Open Source Excellence</author>
  <version>2.1.7</version>
  <description>Definition for the OSE Membership Payment Option table</description>
  <copyright>2008 - 2011, Open Source Excellence PTE. LTD.</copyright>
  <reference>
  	<table name="osemsc_ext">
  		<field type="referenceid" name="id" translate="0">ID</field>
		<field type="titletext" name="params" translate="0">Membership ID</field>
		<field type="textarea" name="params" translate="1">Payment Parameters (translate the "optionname" tag ONLY)</field>
		<filter>c.type='payment'</filter>
  	</table>
   </reference>
</joomfish>
