<?xml version="1.0" ?>
<joomfish type="contentelement">
  <name>OSE Membership ACL Table</name>
  <author>Open Source Excellence</author>
  <version>2.1.7</version>
  <description>Definition for the OSE Membership ACL table</description>
  <copyright>2008 - 2011, Open Source Excellence PTE. LTD.</copyright>
  <reference>
  	<table name="osemsc_acl">
  		<field type="referenceid" name="id" translate="0">ID</field>
  		<field type="titletext" name="title" translate="1">Membership Title</field>
		<field type="textarea" name="description" translate="1">Membership Description</field>
  	</table>
   </reference>
</joomfish>