<?xml version="1.0" ?>
<joomfish type="contentelement">
  <name>OSE Membership eMail Template Table</name>
  <author>Open Source Excellence</author>
  <version>2.1.7</version>
  <description>Definition for the OSE Membership eMail Template table</description>
  <copyright>2008 - 2011, Open Source Excellence PTE. LTD.</copyright>
  <reference>
  	<table name="osemsc_email">
  		<field type="referenceid" name="id" translate="0">ID</field>
  		<field type="titletext" name="subject" translate="1">email Template Title</field>
		<field type="textarea" name="body" translate="1">email Template Body</field>
  	</table>
   </reference>
</joomfish>