<?xml version="1.0" ?>
<joomfish type="contentelement">
  <name>OSE Membership Profile Fields Table</name>
  <author>Open Source Excellence</author>
  <version>2.1.7</version>
  <description>Definition for the OSE Membership eMail Template table</description>
  <copyright>2008 - 2011, Open Source Excellence PTE. LTD.</copyright>
  <reference>
  	<table name="osemsc_fields">
  		<field type="referenceid" name="id" translate="0">ID</field>
  		<field type="titletext" name="name" translate="1">Field Name</field>
		<field type="textarea" name="params" translate="1">Field Parameters</field>
  	</table>
   </reference>
</joomfish>