<?xml version="1.0" encoding="utf-8"?>
<extension version="1.6.0" type="plugin" group="search" method="upgrade">
	<name>Search - Event Booking</name>
	<author>Tuan Pham Ngoc</author>
	<creationDate>Aug 2010</creationDate>
	<copyright>Copyright (C) 2010 Ossolution Team</copyright>
	<license>http://www.gnu.org/licenses/gpl-2.0.html GNU/GPL</license>
	<authorEmail>contact@joomdonation.com</authorEmail>
	<authorUrl>www.joomdonation.com</authorUrl>
	<version>1.5.0</version>
	<description>Allows Searching events added by Event Booking component via standard Joomla search</description>
	<files>
		<filename plugin="eventbooking">eventbooking.php</filename>
	</files>
	<config>
		<fields name="params">
			<fieldset name="basic">
				<field name="search_limit" type="text" size="5" default="50" label="Search Limit" description="Number of Search items to return"/>
			</fieldset>
		</fields>
	</config>	
</extension>