<?xml version="1.0" encoding="utf-8"?>
<extension type="module" version="1.5.0" method="upgrade">
	<name>Hikashop Currency Switcher Module</name>
	<creationDate>June 2010</creationDate>
	<version>1.0.0</version>
	<author>Hikari Software</author>
	<authorEmail>dev@hikashop.com</authorEmail>
	<authorUrl>http://www.hikashop.com</authorUrl>
	<copyright>Copyright (C) 2009 Hikari Software SARL - All rights reserved.</copyright>
	<license>http://www.gnu.org/licenses/gpl-2.0.html GNU/GPL</license>
	<description>Currency Switcher display for Hikashop</description>
	<files>
		<filename module="mod_hikashop_currency">mod_hikashop_currency.php</filename>
		<filename>index.html</filename>
		<folder>tmpl</folder>
	</files>
	<params addpath="/components/com_hikashop/params">
		<param name="moduleclass_sfx" type="text" default="" label="Module Class Suffix" description="PARAMMODULECLASSSUFFIX" />
	</params>
	<config>
		<fields name="params">
			<fieldset name="basic">
				<field
					name="moduleclass_sfx"
					type="text"
					label="COM_MODULES_FIELD_MODULECLASS_SFX_LABEL"
					description="COM_MODULES_FIELD_MODULECLASS_SFX_DESC" />
			</fieldset>
		</fields>
	</config>
</extension>
