<?xml version="1.0" encoding="UTF-8"?>
<install version="1.0" type="plugin" group="payment">
	<name>os_worldpay</name>
	<title>Worldpay</title>	
	<author>Tuan Pham Ngoc</author>
	<creationDate>09-03-2010</creationDate>
	<copyright>Copyright 2007-2010 Ossolution Team</copyright>
	<license>http://www.gnu.org/licenses/old-licenses/gpl-2.0.html GNU/GPL version 2</license>
	<authorEmail>contact@joomdonation.com</authorEmail>
	<authorUrl>www.joomdonation.com</authorUrl>
	<version>1.0</version>
	<description>Worldpay Payment Plugin For Events Booking Extension</description>	
	<config>	
		<fields name="params">
			<fieldset name="basic" addfieldpath="/administrator/components/com_eventbooking/elements">
				<field name="worldpay_mode" type="list" label="Worldpay Mode" description="Set to Test Mode Or Live Mode">
					<option value="0">Test Mode</option>
					<option value="1">Live Mode</option>
				</field>
				<field name="wp_installation_id" type="text" size="50" label="Worldpay Installation ID" description="Enter your Worldpay Installation ID" default=""></field>	
			</fieldset>			
		</fields>
	</config>
	<files>
		<filename>os_worldpay.php</filename>				
	</files>
	<languages>
		<filename>en-GB.os_worldpay.ini</filename>		
	</languages>
	<installsql />
	<installfile />	
</install>