<?xml version="1.0" encoding="utf-8"?>
<extension type="plugin" version="2.5" method="install" group="hikashoppayment">
	<name>Hikashop ePay Payment Plugin</name>
	<creationDate>March 2013</creationDate>
	<version>1.1.0</version>
	<author>ePay - Michael Korsgaard</author>
	<authorEmail>support@epay.dk</authorEmail>
	<authorUrl>http://www.epay.dk</authorUrl>
	<copyright>Copyright (C) 2010 HIKARI SOFTWARE SARL - All rights reserved.</copyright>
	<license>http://www.gnu.org/licenses/gpl-2.0.html GNU/GPL</license>
	<description>This plugin enables you to setup your epay payment system</description>
	<files>
		<filename plugin="epay">epay.php</filename>
		<filename>epay_configuration.php</filename>
		<filename>epay_end.php</filename>
	</files>
	<params addpath="/components/com_hikashop/params">
		<param name="pluginoptions" type="pluginoptions" default="plugin" label="hikashop" description="HikaShop options" />
	</params>
	<config>
		<fields name="params" addfieldpath="/components/com_hikashop/fields">
			<fieldset name="basic">
				<field
                        id="pluginoptions"
                        name="pluginoptions"
                        type="pluginoptions"
                        label="hikashop"
                        description="HikaShop options"
                />
            </fieldset>
		</fields>
	</config>
</extension>