<?xml version="1.0" encoding="utf-8"?>
<extension type="module" version="1.6.0" method="upgrade">
	<name>Events By Location</name>
	<author>Tuan Pham Ngoc</author>
	<creationDate>July 2011</creationDate>
	<copyright>Copyright (C) 2010 Ossolution Team</copyright>
	<license>http://www.gnu.org/licenses/gpl-2.0.html GNU/GPL</license>
	<authorEmail>contact@joomdonation.com</authorEmail>
	<authorUrl>www.joomdonation.com</authorUrl>
	<version>1.5.1</version>
	<description>This module is used to display locations in Event Booking Extension so that users can browse events by location</description>
	<files>
		<filename module="mod_eb_locations">index.html</filename>
		<filename module="mod_eb_locations">mod_eb_locations.php</filename>		
		<filename module="mod_eb_locations">tmpl/default.php</filename>
		<filename module="mod_eb_locations">tmpl/index.html</filename>		
	</files>			
	<config>
		<fields name="params">
			<fieldset name="basic">
				<field name="moduleclass_sfx" type="text"
					label="Module Class Suffix" description="PARAMMODULECLASSSUFFIX">
				</field>
				<field name="number_locations" type="text"
					label="Number Locations" description="Number of locations to be showed on the module" default="0">
				</field>		
				<field name="show_number_events" type="list"
					label="Show number events" description="If set to Yes, we will show number of events next to the location" default="0">
					<option value="0">No</option>
					<option value="1">Yes</option>
				</field>	
				<field name="item_id" type="text"
					label="Itemid" description="Itemid" default="">
				</field>					
			</fieldset>
		</fields>
	</config>			
</extension>
