<?xml version="1.0" encoding="utf-8"?>
<extension version="1.6.0" type="plugin" group="eventbooking" method="upgrade">
	<name>Events Booking - AcajoomNewsletter Plugin</name>
	<author>Tuan Pham Ngoc</author>
	<creationDate>Aug 2010</creationDate>
	<copyright>Ossolution Team</copyright>
	<license>http://www.gnu.org/licenses/gpl-2.0.html GNU/GPL</license>
	<authorEmail>contact@joomdonation.com</authorEmail>
	<authorUrl>www.joomdonation.com</authorUrl>
	<version>1.5.0</version>
	<description>This plugin is user to subscriber registrants to Acajoom newsletter</description>
	<files>
		<filename plugin="acajoom">acajoom.php</filename>
	</files>	
</extension>